placement,experiment,window,scaler,input_shape,output_shape,train_loss,val_loss,train_acc,val_acc
Dashboard,1,100,Robust Scaler,"(None, 100, 7)","(None, 1)",0.04707205295562744,0.1938907504081726,0.9868899583816528,0.9454354643821716
Dashboard,1,200,Robust Scaler,"(None, 200, 7)","(None, 1)",0.13222236931324005,0.09031092375516891,0.951080322265625,0.9676913022994995
Dashboard,1,300,Robust Scaler,"(None, 300, 7)","(None, 1)",0.029202807694673538,0.1270478516817093,0.9924108386039734,0.9809062480926514
Dashboard,1,400,Robust Scaler,"(None, 400, 7)","(None, 1)",0.05041845887899399,0.04395615682005882,0.9873846173286438,0.991051435470581
Dashboard,1,500,Robust Scaler,"(None, 500, 7)","(None, 1)",0.03182971850037575,0.03896552324295044,0.9909549355506897,0.9940913319587708
