placement,experiment,window,scaler,input_shape,output_shape,train_loss,val_loss,train_acc,val_acc
Dashboard,3,100,Robust Scaler,"(None, 100, 7)","(None, 1)",0.026464128866791725,0.3476234972476959,0.9939416646957397,0.9341230988502502
Dashboard,3,200,Robust Scaler,"(None, 200, 7)","(None, 1)",0.023325800895690918,0.13403883576393127,0.9933293461799622,0.95846027135849
Dashboard,3,300,Robust Scaler,"(None, 300, 7)","(None, 1)",0.02446579374372959,0.13052035868167877,0.9943474531173706,0.9812518954277039
Dashboard,3,400,Robust Scaler,"(None, 400, 7)","(None, 1)",0.015862558037042618,0.04103367403149605,0.9960424304008484,0.9898622035980225
Dashboard,3,500,Robust Scaler,"(None, 500, 7)","(None, 1)",0.014806820079684258,0.05473630875349045,0.9972487092018127,0.9895451068878174
