placement,experiment,window,scaler,input_shape,output_shape,train_loss,val_loss,train_acc,val_acc
Dashboard,2,100,Robust Scaler,"(None, 100, 7)","(None, 1)",0.024660306051373482,0.6612682342529297,0.9932798743247986,0.8943890929222107
Dashboard,2,200,Robust Scaler,"(None, 200, 7)","(None, 1)",0.043255068361759186,0.19961726665496826,0.9867265820503235,0.9452054500579834
Dashboard,2,300,Robust Scaler,"(None, 300, 7)","(None, 1)",0.03387197479605675,0.08523043990135193,0.9910473823547363,0.9737264513969421
Dashboard,2,400,Robust Scaler,"(None, 400, 7)","(None, 1)",0.05177045986056328,0.07461205869913101,0.9862357378005981,0.9760488271713257
Dashboard,2,500,Robust Scaler,"(None, 500, 7)","(None, 1)",0.031448181718587875,0.053291648626327515,0.9937416315078735,0.9847406148910522
